{"Q":[0.013157894736842105,0.06578947368421052,0.17105263157894735,0.2763157894736842,0.40789473684210525,0.5394736842105263,0.6052631578947368,0.6578947368421052,0.7499999999999999,0.8421052631578946,0.8947368421052629,0.9342105263157893,0.9605263157894735,0.9868421052631576],"l":[6.247927513443585,4.662965012722429,3.9259994185562235,4.662965012722429,3.440572591385982,4.662965012722429,5.247927513443586,5.247927513443586,3.9259994185562235,5.247927513443586,5.247927513443586,6.247927513443585,6.247927513443585,6.247927513443585],"c":[[0.02631578947368421,0.05263157894736842,0.10526315789473684,0.21052631578947367,0.42105263157894735,0.8421052631578947,1.6842105263157894],[0.13157894736842105,0.2631578947368421,0.5263157894736842,1.0526315789473684,0.10526315789473673],[0.3421052631578947,0.6842105263157894,1.3684210526315788,0.7368421052631575],[0.5526315789473684,1.1052631578947367,0.21052631578947345,0.4210526315789469,0.8421052631578938],[0.8157894736842105,1.631578947368421,1.263157894736842,0.5263157894736841],[1.0789473684210527,0.1578947368421053,0.3157894736842106,0.6315789473684212,1.2631578947368425],[1.2105263157894737,0.42105263157894735,0.8421052631578947,1.6842105263157894,1.3684210526315788,0.7368421052631575],[1.3157894736842104,0.6315789473684208,1.2631578947368416,0.5263157894736832,1.0526315789473664,0.10526315789473273],[1.4999999999999998,0.9999999999999996,1.9999999999999991,1.9999999999999982],[1.6842105263157892,1.3684210526315783,0.7368421052631566,1.4736842105263133,0.9473684210526265,1.894736842105253],[1.7894736842105259,1.5789473684210518,1.1578947368421035,0.31578947368420707,0.6315789473684141,1.2631578947368283],[1.8684210526315785,1.736842105263157,1.4736842105263142,0.9473684210526283,1.8947368421052566,1.7894736842105132,1.5789473684210265],[1.921052631578947,1.8421052631578938,1.6842105263157876,1.3684210526315752,0.7368421052631504,1.4736842105263008,0.9473684210526017],[1.9736842105263153,1.9473684210526305,1.894736842105261,1.789473684210522,1.5789473684210442,1.1578947368420884,0.31578947368417687]],"pr":0.9999999999999997,"p":[0.02631578947368421,0.07894736842105263,0.13157894736842105,0.07894736842105263,0.18421052631578946,0.07894736842105263,0.05263157894736842,0.05263157894736842,0.13157894736842105,0.05263157894736842,0.05263157894736842,0.02631578947368421,0.02631578947368421,0.02631578947368421],"words":["0000001","00010","0010","01000","0110","10001","100110","101010","1011","110101","111001","1110111","1111010","1111110"],"symbols":"Ther isnotplm."}