{"Q":[0.08192090395480225,0.20386064030131826,0.2810734463276836,0.3479284369114877,0.4053672316384181,0.45856873822975514,0.5089453860640301,0.5574387947269303,0.6040489642184557,0.643126177024482,0.673728813559322,0.7019774011299434,0.7288135593220338,0.7547080979284368,0.7782485875706214,0.798964218455744,0.8177966101694916,0.8356873822975518,0.8507532956685498,0.8629943502824858,0.8747645951035781,0.885593220338983,0.8954802259887006,0.9048964218455744,0.9138418079096045,0.9213747645951035,0.9279661016949151,0.9340866290018831,0.9397363465160073,0.9453860640301316,0.9505649717514121,0.9548022598870054,0.958568738229755,0.9623352165725045,0.9661016949152541,0.9693973634651599,0.9722222222222221,0.9750470809792843,0.9778719397363465,0.9806967984934086,0.9835216572504708,0.9858757062146893,0.9877589453860641,0.9896421845574389,0.9915254237288137,0.9934086629001885,0.9948210922787195,0.9957627118644069,0.9967043314500943,0.9976459510357817,0.9985875706214691,0.9995291902071565],"l":[3.6096245549554253,4.643177114666452,4.748787302627051,5.075288127304238,5.169925001442313,5.2976805486406855,5.324647596240954,5.408711861029429,5.437858206688945,5.965105209553815,6.098371740417279,6.194587055676582,6.245213128746549,6.2976805486406855,6.529006094747141,6.660250628025394,6.8046405373605685,6.8046405373605685,7.352128332663061,7.352128332663061,7.4676055500829985,7.593136432166856,7.730639955916791,7.730639955916791,7.882643049361842,8.245213128746549,8.245213128746549,8.467605550082997,8.467605550082997,8.467605550082997,8.730639955916791,9.052568050804155,9.052568050804155,9.052568050804155,9.052568050804155,9.467605550082997,9.467605550082997,9.467605550082997,9.467605550082997,9.467605550082997,9.467605550082997,10.052568050804155,10.052568050804155,10.052568050804155,10.052568050804155,10.052568050804155,11.052568050804155,11.052568050804155,11.052568050804155,11.052568050804155,11.052568050804155,11.052568050804155],"c":[[0.1638418079096045,0.327683615819209,0.655367231638418,1.310734463276836],[0.4077212806026365,0.815442561205273,1.630885122410546,1.2617702448210921,0.5235404896421842],[0.5621468926553672,1.1242937853107344,0.24858757062146886,0.4971751412429377,0.9943502824858754],[0.6958568738229755,1.391713747645951,0.7834274952919018,1.5668549905838036,1.1337099811676072,0.2674199623352145],[0.8107344632768362,1.6214689265536724,1.2429378531073447,0.48587570621468945,0.9717514124293789,1.9435028248587578],[0.9171374764595103,1.8342749529190205,1.668549905838041,1.3370998116760822,0.6741996233521643,1.3483992467043286],[1.0178907721280601,0.035781544256120235,0.07156308851224047,0.14312617702448094,0.2862523540489619,0.5725047080979238],[1.1148775894538605,0.229755178907721,0.459510357815442,0.919020715630884,1.838041431261768,1.6760828625235362],[1.2080979284369113,0.41619585687382266,0.8323917137476453,1.6647834274952906,1.3295668549905812,0.6591337099811625],[1.286252354048964,0.5725047080979282,1.1450094161958564,0.2900188323917128,0.5800376647834256,1.160075329566851],[1.347457627118644,0.6949152542372881,1.3898305084745761,0.7796610169491522,1.5593220338983045,1.118644067796609,0.23728813559321793],[1.403954802259887,0.8079096045197738,1.6158192090395476,1.2316384180790951,0.46327683615819026,0.9265536723163805,1.853107344632761],[1.4576271186440677,0.9152542372881354,1.8305084745762707,1.6610169491525415,1.322033898305083,0.644067796610166,1.288135593220332],[1.5094161958568737,1.0188323917137474,0.0376647834274948,0.0753295668549896,0.1506591337099792,0.3013182674199584,0.6026365348399167],[1.5564971751412429,1.1129943502824857,0.22598870056497145,0.4519774011299429,0.9039548022598858,1.8079096045197716,1.6158192090395431],[1.597928436911488,1.1958568738229758,0.39171374764595157,0.7834274952919031,1.5668549905838063,1.1337099811676126,0.26741996233522514],[1.6355932203389831,1.2711864406779663,0.5423728813559325,1.084745762711865,0.16949152542373014,0.3389830508474603,0.6779661016949206],[1.6713747645951036,1.3427495291902072,0.6854990583804144,1.3709981167608287,0.7419962335216574,1.483992467043315,0.9679849340866298],[1.7015065913370997,1.4030131826741994,0.8060263653483988,1.6120527306967976,1.224105461393595,0.4482109227871902,0.8964218455743804,1.7928436911487609],[1.7259887005649717,1.4519774011299433,0.9039548022598867,1.8079096045197733,1.6158192090395467,1.2316384180790934,0.4632768361581867,0.9265536723163734],[1.7495291902071561,1.4990583804143123,0.9981167608286245,1.996233521657249,1.9924670433144982,1.9849340866289964,1.9698681732579928,1.9397363465159856],[1.771186440677966,1.542372881355932,1.0847457627118642,0.16949152542372836,0.3389830508474567,0.6779661016949134,1.355932203389827,0.7118644067796538],[1.7909604519774012,1.5819209039548023,1.1638418079096047,0.32768361581920935,0.6553672316384187,1.3107344632768374,0.6214689265536748,1.2429378531073496],[1.8097928436911488,1.6195856873822976,1.2391713747645952,0.4783427495291903,0.9566854990583806,1.9133709981167613,1.8267419962335225,1.653483992467045],[1.827683615819209,1.6553672316384178,1.3107344632768356,0.6214689265536713,1.2429378531073425,0.485875706214685,0.97175141242937,1.94350282485874],[1.842749529190207,1.685499058380414,1.3709981167608278,0.7419962335216557,1.4839924670433113,0.9679849340866227,1.9359698681732453,1.8719397363464907,1.7438794726929814],[1.8559322033898302,1.7118644067796605,1.423728813559321,0.8474576271186418,1.6949152542372836,1.3898305084745672,0.7796610169491345,1.559322033898269,1.118644067796538],[1.8681732580037662,1.7363465160075324,1.4726930320150649,0.9453860640301297,1.8907721280602594,1.7815442561205188,1.5630885122410376,1.1261770244820752,0.2523540489641505],[1.8794726930320147,1.7589453860640294,1.5178907721280588,1.0357815442561176,0.07156308851223514,0.14312617702447028,0.28625235404894056,0.5725047080978811,1.1450094161957622],[1.8907721280602632,1.7815442561205264,1.5630885122410527,1.1261770244821054,0.2523540489642109,0.5047080979284218,1.0094161958568435,0.018832391713687002,0.037664783427374005],[1.9011299435028242,1.8022598870056483,1.6045197740112966,1.2090395480225933,0.41807909604518656,0.8361581920903731,1.6723163841807462,1.3446327683614925,0.689265536722985],[1.9096045197740108,1.8192090395480216,1.6384180790960432,1.2768361581920864,0.5536723163841728,1.1073446327683456,0.2146892655366912,0.4293785310733824,0.8587570621467648,1.7175141242935297],[1.91713747645951,1.8342749529190199,1.6685499058380397,1.3370998116760795,0.674199623352159,1.348399246704318,0.696798493408636,1.393596986817272,0.7871939736345439,1.5743879472690878],[1.924670433145009,1.8493408662900181,1.6986817325800363,1.3973634651600726,0.7947269303201452,1.5894538606402904,1.1789077212805807,0.3578154425611615,0.715630885122323,1.431261770244646],[1.9322033898305082,1.8644067796610164,1.7288135593220328,1.4576271186440657,0.9152542372881314,1.8305084745762628,1.6610169491525255,1.322033898305051,0.644067796610102,1.288135593220204],[1.9387947269303198,1.8775894538606397,1.7551789077212794,1.5103578154425588,1.0207156308851175,0.04143126177023504,0.08286252354047008,0.16572504708094016,0.3314500941618803,0.6629001883237606],[1.9444444444444442,1.8888888888888884,1.7777777777777768,1.5555555555555536,1.1111111111111072,0.22222222222221433,0.44444444444442865,0.8888888888888573,1.7777777777777146,1.5555555555554292],[1.9500941619585686,1.900188323917137,1.8003766478342742,1.6007532956685484,1.2015065913370968,0.4030131826741936,0.8060263653483872,1.6120527306967745,1.224105461393549,0.44821092278709784],[1.955743879472693,1.9114877589453858,1.8229755178907716,1.6459510357815432,1.2919020715630865,0.5838041431261729,1.1676082862523458,0.3352165725046916,0.6704331450093832,1.3408662900187664],[1.9613935969868173,1.9227871939736345,1.845574387947269,1.691148775894538,1.382297551789076,0.7645951035781522,1.5291902071563044,1.0583804143126088,0.11676082862521753,0.23352165725043506],[1.9670433145009416,1.9340866290018832,1.8681732580037664,